iteration,Date,Observed,Source,MSI_chl,conformal,upper,lower,uncertainty,alpha_test,conformal_2
2017,12/07/2017,50.2,Matchup,44.3854919,Yes,56.923293066319566,31.84769073368043,62.06896551724138,5.814508100000005,Accepted values
2017,18/08/2017,33.1,Matchup,27.1224765,Yes,40.01178713833286,14.233165861667143,62.06896551724138,5.9775235,Accepted values
2017,10/02/2016,NA,No Matchup,15.43310178,Yes,36.01085497421952,0,79.3103448275862,9.543101779999999,Accepted values
2017,27/10/2017,5,Matchup,12.48526057,Yes,28.625698779167138,0,68.96551724137932,7.4852605699999994,Accepted values
2017,20/04/2016,NA,No Matchup,7.778220998,Yes,12.576222059024285,2.980219936975714,27.586206896551722,2.2251123353333337,Accepted values
2017,03/05/2016,NA,No Matchup,8.953532703,Yes,47.184232737901745,0,93.10344827586206,17.729800630333333,Accepted values
2017,30/05/2016,NA,No Matchup,30.58028384,Yes,38.98326303742771,22.177304642572288,48.275862068965516,3.8969505066666663,Accepted values
2017,02/06/2016,NA,No Matchup,11.04898466,Yes,43.961643330470935,0,93.10344827586206,15.26351534,Accepted values
2017,17/09/2016,NA,No Matchup,7.679756204,Yes,39.75878028344943,0,93.10344827586206,14.876910462666665,Accepted values
2017,24/06/2018,NA,No Matchup,11.65893916,Yes,41.277953642134506,0,93.10344827586206,13.73606084,Accepted values
2017,27/06/2018,NA,No Matchup,9.776582094,Yes,43.45451578505687,0,93.10344827586206,15.618417906,Accepted values
2017,20/10/2016,NA,No Matchup,13.2518138,Yes,20.176800859642192,6.326826740357808,44.827586206896555,3.211519533333334,Accepted values
2017,05/01/2017,NA,No Matchup,40.60538732,No,122.08905846340878,0,100,37.78872065333333,Rejected values
2017,25/01/2017,5.2,Matchup,8.658750263,Yes,16.116839981965132,1.2006605440348688,48.275862068965516,3.4587502629999998,Accepted values
2017,14/02/2017,NA,No Matchup,7.689048386,Yes,9.416137231258421,5.961959540741578,17.24137931034483,0.8009516140000006,Accepted values
2017,24/02/2017,12.4,Matchup,18.68167335,Yes,32.22682112510904,5.13652557489096,68.96551724137932,6.28167335,Accepted values
2017,06/03/2017,19.5,Matchup,9.471711208,Yes,31.095671266208008,0,79.3103448275862,10.028288792,Accepted values
2017,26/03/2017,NA,No Matchup,11.58767383,Yes,12.752448555447417,10.422899104552583,10.344827586206897,0.5401738299999987,Accepted values
2017,08/04/2017,NA,No Matchup,10.48308679,Yes,14.244558199573106,6.721615380426894,24.137931034482758,1.7444132099999994,Accepted values
2017,08/05/2017,NA,No Matchup,26.45497909,Yes,26.947378455373435,25.96257972462656,10.344827586206897,0.2283542433333352,Accepted values
2017,17/07/2017,NA,No Matchup,44.84983917,Yes,52.02995840128675,37.66971993871326,48.275862068965516,3.3298391699999996,Accepted values
2017,26/08/2017,NA,No Matchup,7.870572317,No,63.30771108189839,0,100,25.709427682999998,Rejected values
2017,05/10/2017,13.8,Matchup,9.119779866,Yes,19.211720309714835,0,58.620689655172406,4.680220134000001,Accepted values
2017,04/11/2017,NA,No Matchup,10.53148384,Yes,16.30636934511515,4.756598334884847,37.93103448275862,2.6781505066666664,Accepted values
2017,20/04/2018,NA,No Matchup,10.23753491,Yes,11.79014338162442,8.684926438375582,10.344827586206897,0.7200349100000007,Accepted values
2017,13/05/2018,NA,No Matchup,23.31860007,Yes,30.814747697165096,15.822452442834903,48.275862068965516,3.4763999299999995,Accepted values
2017,27/02/2020,NA,No Matchup,19.05796321,Yes,44.67036901055926,0,93.10344827586206,11.87796321,Accepted values
2017,29/06/2018,NA,No Matchup,10.56182839,Yes,42.54653855182369,0,93.10344827586206,14.833171609999999,Accepted values
2017,24/04/2020,NA,No Matchup,13.52345049,Yes,21.113865402731278,5.93303557726872,48.275862068965516,3.5201171566666662,Accepted values
2017,27/10/2018,NA,No Matchup,8.035399375,Yes,12.674168656020257,3.396630093979745,27.586206896551722,2.1512672916666666,Accepted values
2017,01/09/2020,NA,No Matchup,44.83962988,Yes,92.88829665633254,0,93.10344827586206,22.282963213333332,Accepted values
2017,11/10/2020,NA,No Matchup,7.678108688,Yes,17.018949049708873,0,51.724137931034484,4.331891312,Accepted values
2017,04/02/2019,NA,No Matchup,7.712536783,Yes,8.846468466386368,6.5786050996136325,10.344827586206897,0.5258701163333335,Accepted values
2017,08/02/2021,NA,No Matchup,9.190199333,Yes,13.51040901689629,4.869989649103712,24.137931034482758,2.003532666333334,Accepted values
2017,27/06/2019,NA,No Matchup,32.7349868,Yes,46.43103242807833,19.03894117192167,68.96551724137932,6.351653466666669,Accepted values
2017,20/03/2021,NA,No Matchup,8.280642116,Yes,11.06806715241416,5.493217079585838,20.689655172413794,1.292691217333335,Accepted values
2017,07/07/2019,NA,No Matchup,10.09889286,No,77.85210378887356,0,100,31.421107140000004,Rejected values
2017,22/04/2021,NA,No Matchup,25.05315907,Yes,57.50503968120517,0,93.10344827586206,15.049825736666666,Accepted values
2017,01/07/2021,NA,No Matchup,51.8997545,Yes,63.26290560066107,40.53660339933893,62.06896551724138,5.269754499999998,Accepted values
2017,06/10/2021,NA,No Matchup,13.61615341,Yes,21.011142315500386,6.2211645044996144,48.275862068965516,3.4294867433333334,Accepted values
2017,19/04/2020,NA,No Matchup,19.6609397,Yes,40.485598688410136,0,79.3103448275862,9.657606366666666,Accepted values
2017,22/04/2020,NA,No Matchup,11.77623703,Yes,15.59914236499121,7.953331695008792,24.137931034482758,1.772903696666667,Accepted values
2017,01/06/2020,NA,No Matchup,11.2754559,Yes,43.852513158594164,0,93.10344827586206,15.107877433333332,Accepted values
2017,08/03/2022,NA,No Matchup,9.282124764,Yes,11.771837644912598,6.792411883087403,17.24137931034483,1.1546247639999994,Accepted values
2017,18/03/2022,NA,No Matchup,7.975199335,Yes,9.74293231550553,6.2074663544944695,17.24137931034483,0.8198006649999998,Accepted values
2017,29/09/2020,NA,No Matchup,10.32989082,Yes,36.69443995024631,0,93.10344827586206,12.226775846666666,Accepted values
2017,17/04/2021,NA,No Matchup,9.979863378,Yes,10.030471551260908,9.929255204739091,0,0.023469955333334624,Accepted values
2017,10/03/2023,NA,No Matchup,7.675538076,Yes,13.686850129869875,1.6642260221301246,37.93103448275862,2.787795257333335,Accepted values
2017,16/07/2021,NA,No Matchup,35.89153761,Yes,62.92817521949889,8.854900000501111,93.10344827586206,12.53846239,Accepted values
2017,02/04/2023,NA,No Matchup,7.81465434,Yes,12.534094327591347,3.095214352408651,27.586206896551722,2.188678993333334,Accepted values
2017,21/10/2021,NA,No Matchup,8.277624962,Yes,12.394084153332525,4.161165770667477,24.137931034482758,1.9090417046666666,Accepted values
2017,13/11/2021,NA,No Matchup,135.6310687,No,401.64843590710666,0,100,123.36773536666665,Rejected values
2017,05/11/2023,NA,No Matchup,12.27095469,Yes,12.287388591692263,12.254520788307737,0,0.007621356666666301,Accepted values
2017,25/11/2023,NA,No Matchup,12.29621611,Yes,12.367121113235466,12.225311106764533,0,0.03288277666666595,Accepted values
2017,29/04/2022,NA,No Matchup,7.684594786,Yes,8.93612028805015,6.43306928394985,10.344827586206897,0.5804052140000007,Accepted values
2017,29/09/2022,NA,No Matchup,47.81926798,No,102.29291678454405,0,100,25.262601313333334,Rejected values
2017,08/12/2022,NA,No Matchup,9.460874186,Yes,14.023149270248775,4.898599101751225,27.586206896551722,2.1157924806666664,Accepted values
2017,23/02/2023,NA,No Matchup,7.73123165,Yes,8.905475002274882,6.556988297725118,10.344827586206897,0.5445649833333333,Accepted values
2017,07/04/2023,NA,No Matchup,7.970232375,Yes,12.354200051756196,3.586264698243804,24.137931034482758,2.0331009583333337,Accepted values
2017,07/05/2023,NA,No Matchup,13.61048861,Yes,41.79941276324405,0,93.10344827586206,13.072844723333333,Accepted values
2017,03/07/2023,NA,No Matchup,50.1669985,Yes,68.81248768221705,31.521509317782947,79.3103448275862,8.646998499999995,Accepted values
2017,14/09/2023,NA,No Matchup,9.399686297,Yes,37.770031816692416,0,93.10344827586206,13.156980369666664,Accepted values
2017,10/11/2023,NA,No Matchup,27.492909,Yes,60.332383685070155,0,93.10344827586206,15.229575666666667,Accepted values
2017,13/12/2023,NA,No Matchup,15.26302773,Yes,23.211913731093656,7.3141417289063435,48.275862068965516,3.686361063333333,Accepted values
2017,18/05/2017,39,Matchup,33.94364228,Yes,44.84664673520833,23.040637824791666,62.06896551724138,5.056357720000001,Accepted values
2017,25/05/2017,NA,No Matchup,48.37881709,Yes,95.16070420237712,1.596929977622878,93.10344827586206,21.695483756666665,Accepted values
2017,17/06/2017,NA,No Matchup,53.06909734,No,110.61150631642121,0,100,26.685764006666666,Rejected values
2017,23/06/2022,NA,No Matchup,48.1534609,Yes,95.09630216911421,1.2106196308857804,93.10344827586206,21.770127566666666,Accepted values
2017,01/09/2022,NA,No Matchup,39.54421109,Yes,76.1743869571166,2.914035222883399,93.10344827586206,16.987544423333333,Accepted values
2017,13/07/2023,NA,No Matchup,48.31068748,Yes,62.95342044082528,33.667954519174714,68.96551724137932,6.7906874799999954,Accepted values
2016,10/02/2016,NA,No Matchup,15.43310178,Yes,29.71283617546873,1.1533673845312702,78.78787878787878,9.543101779999999,Accepted values
2016,14/03/2016,14.8,Matchup,9.828842412,Yes,17.26738929446435,2.390295529535651,48.484848484848484,4.9711575880000005,Accepted values
2016,10/04/2016,11.5,Matchup,11.36089445,Yes,11.56904378684335,11.15274511315665,3.0303030303030303,0.13910555000000002,Accepted values
2016,20/04/2016,NA,No Matchup,7.778220998,Yes,11.107747799781754,4.448694196218247,18.181818181818183,2.2251123353333337,Accepted values
2016,03/05/2016,NA,No Matchup,8.953532703,Yes,35.48336018701265,0,93.93939393939394,17.729800630333333,Accepted values
2016,30/05/2016,NA,No Matchup,30.58028384,Yes,36.4114506315049,24.7491170484951,36.36363636363637,3.8969505066666663,Accepted values
2016,02/06/2016,NA,No Matchup,11.04898466,Yes,33.888408363218915,0,93.93939393939394,15.26351534,Accepted values
2016,19/07/2016,47.2,Matchup,50.13571609,Yes,54.52854841979456,45.742883760205444,30.303030303030305,2.9357160899999997,Accepted values
2016,17/09/2016,NA,No Matchup,7.679756204,Yes,29.94068718110311,0,93.93939393939394,14.876910462666665,Accepted values
2016,30/09/2016,12.2,Matchup,12.28912328,Yes,12.42248209731034,12.15576446268966,0,0.0891232800000008,Accepted values
2016,24/06/2018,NA,No Matchup,11.65893916,Yes,32.21277007965715,0,93.93939393939394,13.73606084,Accepted values
2016,27/06/2018,NA,No Matchup,9.776582094,Yes,33.14706105530821,0,93.93939393939394,15.618417906,Accepted values
2016,20/10/2016,NA,No Matchup,13.2518138,Yes,18.057342128113433,8.44628547188657,30.303030303030305,3.211519533333334,Accepted values
2016,05/01/2017,NA,No Matchup,40.60538732,No,97.15019911327457,0,100,37.78872065333333,Rejected values
2016,14/02/2017,NA,No Matchup,7.689048386,Yes,8.887545119579006,6.490551652420994,9.090909090909092,0.8009516140000006,Accepted values
2016,26/03/2017,NA,No Matchup,11.58767383,Yes,12.395958075270102,10.779389584729898,3.0303030303030303,0.5401738299999987,Accepted values
2016,08/04/2017,NA,No Matchup,10.48308679,Yes,13.093323785161441,7.872849794838557,15.151515151515152,1.7444132099999994,Accepted values
2016,08/05/2017,NA,No Matchup,26.45497909,Yes,26.796674905265448,26.11328327473455,3.0303030303030303,0.2283542433333352,Accepted values
2016,17/07/2017,NA,No Matchup,44.84983917,Yes,49.8324140207555,39.867264319244505,33.33333333333333,3.3298391699999996,Accepted values
2016,26/08/2017,NA,No Matchup,7.870572317,No,46.34064287017721,0,100,25.709427682999998,Rejected values
2016,04/11/2017,NA,No Matchup,10.53148384,Yes,14.538910229021495,6.524057450978505,27.27272727272727,2.6781505066666664,Accepted values
2016,20/04/2018,NA,No Matchup,10.23753491,Yes,11.314952662351086,9.160117157648916,3.0303030303030303,0.7200349100000007,Accepted values
2016,13/05/2018,NA,No Matchup,23.31860007,Yes,28.520479793934587,18.11672034606541,36.36363636363637,3.4763999299999995,Accepted values
2016,27/02/2020,NA,No Matchup,19.05796321,Yes,36.83144647656422,1.2844799434357839,93.93939393939394,11.87796321,Accepted values
2016,29/06/2018,NA,No Matchup,10.56182839,Yes,32.75731112886348,0,93.93939393939394,14.833171609999999,Accepted values
2016,24/04/2020,NA,No Matchup,13.52345049,Yes,18.790746092303905,8.256154887696093,36.36363636363637,3.5201171566666662,Accepted values
2016,27/10/2018,NA,No Matchup,8.035399375,Yes,11.25442881080042,4.816369939199582,18.181818181818183,2.1512672916666666,Accepted values
2016,01/09/2020,NA,No Matchup,44.83962988,Yes,78.18254118555252,11.49671857444747,93.93939393939394,22.282963213333332,Accepted values
2016,11/10/2020,NA,No Matchup,7.678108688,Yes,14.160095236130324,1.1961221398696749,39.39393939393939,4.331891312,Accepted values
2016,04/02/2019,NA,No Matchup,7.712536783,Yes,8.499417795156013,6.925655770843988,3.0303030303030303,0.5258701163333335,Accepted values
2016,08/02/2021,NA,No Matchup,9.190199333,Yes,12.188167392802596,6.192231273197406,15.151515151515152,2.003532666333334,Accepted values
2016,27/06/2019,NA,No Matchup,32.7349868,Yes,42.23922625662437,23.230747343375633,66.66666666666666,6.351653466666669,Accepted values
2016,20/03/2021,NA,No Matchup,8.280642116,Yes,10.21494897601498,6.346335255985019,12.121212121212121,1.292691217333335,Accepted values
2016,07/07/2019,NA,No Matchup,10.09889286,No,57.11558352456988,0,100,31.421107140000004,Rejected values
2016,22/04/2021,NA,No Matchup,25.05315907,Yes,47.57283025993564,2.53348788006436,93.93939393939394,15.049825736666666,Accepted values
2016,01/07/2021,NA,No Matchup,51.8997545,Yes,59.78510418232584,44.01440481767416,51.515151515151516,5.269754499999998,Accepted values
2016,06/10/2021,NA,No Matchup,13.61615341,Yes,18.74783500960472,8.48447181039528,33.33333333333333,3.4294867433333334,Accepted values
2016,19/04/2020,NA,No Matchup,19.6609397,Yes,34.11201200240478,5.2098673975952146,78.78787878787878,9.657606366666666,Accepted values
2016,22/04/2020,NA,No Matchup,11.77623703,Yes,14.429105508276324,9.123368551723678,15.151515151515152,1.772903696666667,Accepted values
2016,01/06/2020,NA,No Matchup,11.2754559,Yes,33.88199222338142,0,93.93939393939394,15.107877433333332,Accepted values
2016,08/03/2022,NA,No Matchup,9.282124764,Yes,11.009837130109833,7.554412397890168,9.090909090909092,1.1546247639999994,Accepted values
2016,18/03/2022,NA,No Matchup,7.975199335,Yes,9.201900676272778,6.748497993727222,9.090909090909092,0.8198006649999998,Accepted values
2016,29/09/2020,NA,No Matchup,10.32989082,Yes,28.62531673374649,0,93.93939393939394,12.226775846666666,Accepted values
2016,17/04/2021,NA,No Matchup,9.979863378,Yes,10.014982434273287,9.944744321726711,0,0.023469955333334624,Accepted values
2016,10/03/2023,NA,No Matchup,7.675538076,Yes,11.847030400130638,3.504045751869362,27.27272727272727,2.787795257333335,Accepted values
2016,16/07/2021,NA,No Matchup,35.89153761,Yes,54.653352875557616,17.12972234444238,93.93939393939394,12.53846239,Accepted values
2016,02/04/2023,NA,No Matchup,7.81465434,Yes,11.089664438628738,4.539644241371261,18.181818181818183,2.188678993333334,Accepted values
2016,21/10/2021,NA,No Matchup,8.277624962,Yes,11.134202322376101,5.421047601623901,15.151515151515152,1.9090417046666666,Accepted values
2016,13/11/2021,NA,No Matchup,135.6310687,No,320.23126836448205,0,100,123.36773536666665,Rejected values
2016,05/11/2023,NA,No Matchup,12.27095469,Yes,12.282358838403951,12.259550541596049,0,0.007621356666666301,Accepted values
2016,25/11/2023,NA,No Matchup,12.29621611,Yes,12.345419956695796,12.247012263304203,0,0.03288277666666595,Accepted values
2016,29/04/2022,NA,No Matchup,7.684594786,Yes,8.553078900361525,6.816110671638474,3.0303030303030303,0.5804052140000007,Accepted values
2016,29/09/2022,NA,No Matchup,47.81926798,No,85.6207339194128,10.017802040587206,100,25.262601313333334,Rejected values
2016,08/12/2022,NA,No Matchup,9.460874186,Yes,12.626821207875931,6.294927164124068,18.181818181818183,2.1157924806666664,Accepted values
2016,23/02/2023,NA,No Matchup,7.73123165,Yes,8.546086558010092,6.9163767419899065,3.0303030303030303,0.5445649833333333,Accepted values
2016,07/04/2023,NA,No Matchup,7.970232375,Yes,11.012444682220405,4.928020067779595,15.151515151515152,2.0331009583333337,Accepted values
2016,07/05/2023,NA,No Matchup,13.61048861,Yes,33.17192206695354,0,93.93939393939394,13.072844723333333,Accepted values
2016,03/07/2023,NA,No Matchup,50.1669985,Yes,63.105856823484885,37.22814017651511,78.78787878787878,8.646998499999995,Accepted values
2016,14/09/2023,NA,No Matchup,9.399686297,Yes,29.0870153705495,0,93.93939393939394,13.156980369666664,Accepted values
2016,10/11/2023,NA,No Matchup,27.492909,Yes,50.28154737871523,4.704270621284767,93.93939393939394,15.229575666666667,Accepted values
2016,13/12/2023,NA,No Matchup,15.26302773,Yes,20.77908090471503,9.746974555284966,36.36363636363637,3.686361063333333,Accepted values
2016,25/05/2017,NA,No Matchup,48.37881709,Yes,80.84265880189318,15.91497537810681,93.93939393939394,21.695483756666665,Accepted values
2016,17/06/2017,NA,No Matchup,53.06909734,No,93.0000999574068,13.138094722593195,100,26.685764006666666,Rejected values
2016,23/06/2022,NA,No Matchup,48.1534609,Yes,80.72899520468306,15.577926595316939,93.93939393939394,21.770127566666666,Accepted values
2016,01/09/2022,NA,No Matchup,39.54421109,Yes,64.96337018403892,14.125051995961076,93.93939393939394,16.987544423333333,Accepted values
2016,13/07/2023,NA,No Matchup,48.31068748,Yes,58.47187152817378,38.14950343182622,66.66666666666666,6.7906874799999954,Accepted values
2018,10/02/2016,NA,No Matchup,15.43310178,Yes,25.87859014695467,4.987613413045327,84.375,9.543101779999999,Accepted values
2018,20/04/2016,NA,No Matchup,7.778220998,Yes,10.213737829917482,5.342704166082518,25,2.2251123353333337,Accepted values
2018,03/05/2016,NA,No Matchup,8.953532703,No,28.359846342104085,0,96.875,17.729800630333333,Rejected values
2018,30/05/2016,NA,No Matchup,30.58028384,Yes,34.845726263478454,26.314841416521542,40.625,3.8969505066666663,Accepted values
2018,02/06/2016,NA,No Matchup,11.04898466,No,27.75580342797548,0,96.875,15.26351534,Rejected values
2018,05/05/2018,11.34,Matchup,8.97699294,Yes,11.563443690005704,6.390542189994298,25,2.3630070599999993,Accepted values
2018,17/09/2016,NA,No Matchup,7.679756204,No,23.963413106799052,0,96.875,14.876910462666665,Rejected values
2018,24/06/2018,NA,No Matchup,11.65893916,No,26.693868789766732,0,96.875,13.73606084,Rejected values
2018,27/06/2018,NA,No Matchup,9.776582094,No,26.871862675546893,0,96.875,15.618417906,Rejected values
2018,20/10/2016,NA,No Matchup,13.2518138,Yes,16.767011552159055,9.736616047840949,34.375,3.211519533333334,Accepted values
2018,05/01/2017,NA,No Matchup,40.60538732,No,81.96737329543336,0,100,37.78872065333333,Rejected values
2018,14/02/2017,NA,No Matchup,7.689048386,Yes,8.565737219400514,6.812359552599485,15.625,0.8009516140000006,Accepted values
2018,26/03/2017,NA,No Matchup,11.58767383,Yes,12.178925981289362,10.996421678710638,9.375,0.5401738299999987,Accepted values
2018,08/04/2017,NA,No Matchup,10.48308679,Yes,12.392450046546664,8.573723533453336,21.875,1.7444132099999994,Accepted values
2018,08/05/2017,NA,No Matchup,26.45497909,Yes,26.704926292416097,26.2050318875839,9.375,0.2283542433333352,Accepted values
2018,17/07/2017,NA,No Matchup,44.84983917,Yes,48.494544750627796,41.20513358937221,37.5,3.3298391699999996,Accepted values
2018,26/08/2017,NA,No Matchup,7.870572317,No,36.01105891923332,0,100,25.709427682999998,Rejected values
2018,04/11/2017,NA,No Matchup,10.53148384,Yes,13.462877699904995,7.600089980095005,28.125,2.6781505066666664,Accepted values
2018,20/04/2018,NA,No Matchup,10.23753491,Yes,11.0256556331771,9.449414186822901,9.375,0.7200349100000007,Accepted values
2018,13/05/2018,NA,No Matchup,23.31860007,Yes,27.12372505607104,19.513475083928956,40.625,3.4763999299999995,Accepted values
2018,23/05/2018,27.13,Matchup,50.97868917,No,77.08248760317075,24.874890736829258,96.875,23.848689170000004,Rejected values
2018,27/02/2020,NA,No Matchup,19.05796321,No,32.05909527307757,6.056831146922434,96.875,11.87796321,Rejected values
2018,22/06/2018,22.43,Matchup,20.11348401,Yes,22.6490475388435,17.5779204811565,25,2.316515989999999,Accepted values
2018,29/06/2018,NA,No Matchup,10.56182839,No,26.79761053601179,0,96.875,14.833171609999999,Rejected values
2018,24/04/2020,NA,No Matchup,13.52345049,Yes,17.376426561924408,9.670474418075592,40.625,3.5201171566666662,Accepted values
2018,27/09/2018,18.18,Matchup,7.714697515,Yes,19.169589004560258,0,93.75,10.465302484999999,Accepted values
2018,10/10/2018,16.98,Matchup,9.30750506,Yes,17.705503791319053,0.9095063286809459,81.25,7.67249494,Accepted values
2018,27/10/2018,NA,No Matchup,8.035399375,Yes,10.390088446472342,5.680710303527659,25,2.1512672916666666,Accepted values
2018,01/09/2020,NA,No Matchup,44.83962988,No,69.22964880591701,20.44961095408299,96.875,22.282963213333332,Rejected values
2018,11/10/2020,NA,No Matchup,7.678108688,Yes,12.419619503827013,2.936597872172987,43.75,4.331891312,Accepted values
2018,04/02/2019,NA,No Matchup,7.712536783,Yes,8.288132675123968,7.136940890876031,9.375,0.5258701163333335,Accepted values
2018,08/02/2021,NA,No Matchup,9.190199333,Yes,11.383184134111335,6.997214531888666,21.875,2.003532666333334,Accepted values
2018,27/06/2019,NA,No Matchup,32.7349868,Yes,39.68724655018303,25.782727049816973,75,6.351653466666669,Accepted values
2018,20/03/2021,NA,No Matchup,8.280642116,Yes,9.695568979823076,6.865715252176922,18.75,1.292691217333335,Accepted values
2018,07/07/2019,NA,No Matchup,10.09889286,No,44.49114987181891,0,100,31.421107140000004,Rejected values
2018,22/04/2021,NA,No Matchup,25.05315907,No,41.526081949907365,8.580236190092634,96.875,15.049825736666666,Rejected values
2018,01/07/2021,NA,No Matchup,51.8997545,Yes,57.66781195086133,46.13169704913867,59.375,5.269754499999998,Accepted values
2018,06/10/2021,NA,No Matchup,13.61615341,Yes,17.369929143293458,9.862377676706544,37.5,3.4294867433333334,Accepted values
2018,19/04/2020,NA,No Matchup,19.6609397,Yes,30.231760097940267,9.090119302059733,84.375,9.657606366666666,Accepted values
2018,22/04/2020,NA,No Matchup,11.77623703,Yes,13.71678480641307,9.835689253586931,21.875,1.772903696666667,Accepted values
2018,01/06/2020,NA,No Matchup,11.2754559,No,27.811919789548956,0,96.875,15.107877433333332,Rejected values
2018,08/03/2022,NA,No Matchup,9.282124764,Yes,10.545929742569534,8.018319785430467,15.625,1.1546247639999994,Accepted values
2018,18/03/2022,NA,No Matchup,7.975199335,Yes,8.872519567654923,7.0778791023450776,15.625,0.8198006649999998,Accepted values
2018,29/09/2020,NA,No Matchup,10.32989082,No,23.71281890941613,0,96.875,12.226775846666666,Rejected values
2018,17/04/2021,NA,No Matchup,9.979863378,Yes,10.005552629886747,9.954174126113251,0,0.023469955333334624,Accepted values
2018,10/03/2023,NA,No Matchup,7.675538076,Yes,10.726944589441457,4.624131562558542,28.125,2.787795257333335,Accepted values
2018,16/07/2021,NA,No Matchup,35.89153761,No,49.61562502450557,22.167450195494432,96.875,12.53846239,Rejected values
2018,02/04/2023,NA,No Matchup,7.81465434,Yes,10.21029272790593,5.419015952094069,25,2.188678993333334,Accepted values
2018,21/10/2021,NA,No Matchup,8.277624962,Yes,10.36718382638497,6.188066097615031,21.875,1.9090417046666666,Accepted values
2018,13/11/2021,NA,No Matchup,135.6310687,No,270.6643392589208,0.5977981410791529,100,123.36773536666665,Rejected values
2018,05/11/2023,NA,No Matchup,12.27095469,Yes,12.279296714871716,12.262612665128284,0,0.007621356666666301,Accepted values
2018,25/11/2023,NA,No Matchup,12.29621611,Yes,12.332208250612466,12.260223969387534,0,0.03288277666666595,Accepted values
2018,29/04/2022,NA,No Matchup,7.684594786,Yes,8.319882562523834,7.049307009476165,9.375,0.5804052140000007,Accepted values
2018,29/09/2022,NA,No Matchup,47.81926798,No,75.47067673794339,20.167859222056606,100,25.262601313333334,Rejected values
2018,08/12/2022,NA,No Matchup,9.460874186,Yes,11.77673398223638,7.14501438976362,25,2.1157924806666664,Accepted values
2018,23/02/2023,NA,No Matchup,7.73123165,Yes,8.327290177886642,7.135173122113358,9.375,0.5445649833333333,Accepted values
2018,07/04/2023,NA,No Matchup,7.970232375,Yes,10.195581417553672,5.744883332446329,21.875,2.0331009583333337,Accepted values
2018,07/05/2023,NA,No Matchup,13.61048861,No,27.919489040736593,0,96.875,13.072844723333333,Rejected values
2018,03/07/2023,NA,No Matchup,50.1669985,Yes,59.63164891692392,40.702348083076075,84.375,8.646998499999995,Accepted values
2018,14/09/2023,NA,No Matchup,9.399686297,No,23.800778160405038,0,96.875,13.156980369666664,Rejected values
2018,10/11/2023,NA,No Matchup,27.492909,No,44.162578791557294,10.823239208442704,96.875,15.229575666666667,Rejected values
2018,13/12/2023,NA,No Matchup,15.26302773,Yes,19.29796757357809,11.228087886421909,40.625,3.686361063333333,Accepted values
2018,25/05/2017,NA,No Matchup,48.37881709,No,72.12580506309858,24.63182911690141,96.875,21.695483756666665,Rejected values
2018,17/06/2017,NA,No Matchup,53.06909734,No,82.27824169588618,23.85995298411381,100,26.685764006666666,Rejected values
2018,23/06/2022,NA,No Matchup,48.1534609,No,71.98215093045842,24.324770869541585,96.875,21.770127566666666,Rejected values
2018,01/09/2022,NA,No Matchup,39.54421109,No,58.13808148431262,20.950340695687377,96.875,16.987544423333333,Rejected values
2018,13/07/2023,NA,No Matchup,48.31068748,Yes,55.74349588036945,40.877879079630546,75,6.7906874799999954,Accepted values
2020,10/02/2016,NA,No Matchup,15.43310178,Yes,28.598112615812656,2.2680909441873425,80.55555555555556,9.543101779999999,Accepted values
2020,20/04/2016,NA,No Matchup,7.778220998,Yes,10.847833864013438,4.708608131986562,19.444444444444446,2.2251123353333337,Accepted values
2020,03/05/2016,NA,No Matchup,8.953532703,Yes,33.41235361847141,0,94.44444444444444,17.729800630333333,Accepted values
2020,30/05/2016,NA,No Matchup,30.58028384,Yes,35.956250357973396,25.204317322026608,38.88888888888889,3.8969505066666663,Accepted values
2020,02/06/2016,NA,No Matchup,11.04898466,Yes,32.10548698766277,0,94.44444444444444,15.26351534,Accepted values
2020,17/09/2016,NA,No Matchup,7.679756204,Yes,28.202924871747495,0,94.44444444444444,14.876910462666665,Accepted values
2020,24/06/2018,NA,No Matchup,11.65893916,Yes,30.6082696784032,0,94.44444444444444,13.73606084,Accepted values
2020,27/06/2018,NA,No Matchup,9.776582094,Yes,31.322683740077224,0,94.44444444444444,15.618417906,Accepted values
2020,20/10/2016,NA,No Matchup,13.2518138,Yes,17.682206604189222,8.82142099581078,33.33333333333333,3.211519533333334,Accepted values
2020,05/01/2017,NA,No Matchup,40.60538732,No,92.73612304318442,0,100,37.78872065333333,Rejected values
2020,14/02/2017,NA,No Matchup,7.689048386,Yes,8.793986478494245,6.584110293505754,11.11111111111111,0.8009516140000006,Accepted values
2020,26/03/2017,NA,No Matchup,11.58767383,Yes,12.33286071882436,10.84248694117564,5.555555555555555,0.5401738299999987,Accepted values
2020,08/04/2017,NA,No Matchup,10.48308679,Yes,12.889560003972651,8.076613576027349,16.666666666666664,1.7444132099999994,Accepted values
2020,08/05/2017,NA,No Matchup,26.45497909,Yes,26.77000099348505,26.13995718651495,5.555555555555555,0.2283542433333352,Accepted values
2020,17/07/2017,NA,No Matchup,44.84983917,Yes,49.44345765643759,40.25622068356242,36.11111111111111,3.3298391699999996,Accepted values
2020,26/08/2017,NA,No Matchup,7.870572317,No,43.33754121578889,0,100,25.709427682999998,Rejected values
2020,04/11/2017,NA,No Matchup,10.53148384,Yes,14.226077196857588,6.836890483142412,27.77777777777778,2.6781505066666664,Accepted values
2020,20/04/2018,NA,No Matchup,10.23753491,Yes,11.23084584923567,9.244223970764331,5.555555555555555,0.7200349100000007,Accepted values
2020,13/05/2018,NA,No Matchup,23.31860007,Yes,28.114403761833657,18.52279637816634,38.88888888888889,3.4763999299999995,Accepted values
2020,27/02/2020,NA,No Matchup,19.05796321,Yes,35.44398926022558,2.6719371597744193,94.44444444444444,11.87796321,Accepted values
2020,29/06/2018,NA,No Matchup,10.56182839,Yes,31.024657926658122,0,94.44444444444444,14.833171609999999,Accepted values
2020,24/04/2020,NA,No Matchup,13.52345049,Yes,18.379563479171818,8.667337500828182,38.88888888888889,3.5201171566666662,Accepted values
2020,27/10/2018,NA,No Matchup,8.035399375,Yes,11.003140666922071,5.06765808307793,19.444444444444446,2.1512672916666666,Accepted values
2020,01/09/2020,NA,No Matchup,44.83962988,Yes,75.57968263437272,14.099577125627281,94.44444444444444,22.282963213333332,Accepted values
2020,11/10/2020,NA,No Matchup,7.678108688,Yes,13.654089807845367,1.7021275681546335,41.66666666666667,4.331891312,Accepted values
2020,04/02/2019,NA,No Matchup,7.712536783,Yes,8.437991246271835,6.987082319728165,5.555555555555555,0.5258701163333335,Accepted values
2020,08/02/2021,NA,No Matchup,9.190199333,Yes,11.95413603515922,6.426262630840782,16.666666666666664,2.003532666333334,Accepted values
2020,27/06/2019,NA,No Matchup,32.7349868,Yes,41.49729371463858,23.972679885361423,69.44444444444444,6.351653466666669,Accepted values
2020,20/03/2021,NA,No Matchup,8.280642116,Yes,10.063950549241211,6.497333682758788,13.88888888888889,1.292691217333335,Accepted values
2020,07/07/2019,NA,No Matchup,10.09889286,No,53.44530427921579,0,100,31.421107140000004,Rejected values
2020,22/04/2021,NA,No Matchup,25.05315907,Yes,45.81486982902628,4.2914483109737205,94.44444444444444,15.049825736666666,Accepted values
2020,01/07/2021,NA,No Matchup,51.8997545,Yes,59.16954756036203,44.629961439637974,55.55555555555556,5.269754499999998,Accepted values
2020,06/10/2021,NA,No Matchup,13.61615341,Yes,18.347238876559825,8.885067943440177,36.11111111111111,3.4294867433333334,Accepted values
2020,29/02/2020,24.27,Matchup,24.37844192,Yes,24.52804097958965,24.22884286041035,2.7777777777777777,0.10844192000000064,Accepted values
2020,19/04/2020,NA,No Matchup,19.6609397,Yes,32.98391323588321,6.337966164116789,80.55555555555556,9.657606366666666,Accepted values
2020,22/04/2020,NA,No Matchup,11.77623703,Yes,14.222013771728202,9.3304602882718,16.666666666666664,1.772903696666667,Accepted values
2020,01/06/2020,NA,No Matchup,11.2754559,Yes,32.11725081125189,0,94.44444444444444,15.107877433333332,Accepted values
2020,08/03/2022,NA,No Matchup,9.282124764,Yes,10.874966156639703,7.689283371360299,11.11111111111111,1.1546247639999994,Accepted values
2020,18/03/2022,NA,No Matchup,7.975199335,Yes,9.106140289706177,6.844258380293823,11.11111111111111,0.8198006649999998,Accepted values
2020,29/09/2020,NA,No Matchup,10.32989082,Yes,27.197114938447907,0,94.44444444444444,12.226775846666666,Accepted values
2020,17/04/2021,NA,No Matchup,9.979863378,Yes,10.012240923938673,9.947485832061325,0,0.023469955333334624,Accepted values
2020,10/03/2023,NA,No Matchup,7.675538076,Yes,11.521389835407778,3.8296863165922215,27.77777777777778,2.787795257333335,Accepted values
2020,16/07/2021,NA,No Matchup,35.89153761,Yes,53.18874317629958,18.594332043700415,94.44444444444444,12.53846239,Accepted values
2020,02/04/2023,NA,No Matchup,7.81465434,Yes,10.8340062580248,4.795302421975199,19.444444444444446,2.188678993333334,Accepted values
2020,21/10/2021,NA,No Matchup,8.277624962,Yes,10.911208392979077,5.644041531020924,16.666666666666664,1.9090417046666666,Accepted values
2020,13/11/2021,NA,No Matchup,135.6310687,No,305.8207628197493,0,100,123.36773536666665,Rejected values
2020,05/11/2023,NA,No Matchup,12.27095469,Yes,12.28146859265066,12.26044078734934,0,0.007621356666666301,Accepted values
2020,25/11/2023,NA,No Matchup,12.29621611,Yes,12.341578940776417,12.250853279223582,0,0.03288277666666595,Accepted values
2020,29/04/2022,NA,No Matchup,7.684594786,Yes,8.485282141916702,6.883907430083298,5.555555555555555,0.5804052140000007,Accepted values
2020,29/09/2022,NA,No Matchup,47.81926798,No,82.66982576487658,12.968710195123428,100,25.262601313333334,Rejected values
2020,08/12/2022,NA,No Matchup,9.460874186,Yes,12.379676853774503,6.542071518225496,19.444444444444446,2.1157924806666664,Accepted values
2020,23/02/2023,NA,No Matchup,7.73123165,Yes,8.482476273777603,6.979987026222397,5.555555555555555,0.5445649833333333,Accepted values
2020,07/04/2023,NA,No Matchup,7.970232375,Yes,10.774959471472343,5.165505278527658,16.666666666666664,2.0331009583333337,Accepted values
2020,07/05/2023,NA,No Matchup,13.61048861,Yes,31.64489151223748,0,94.44444444444444,13.072844723333333,Accepted values
2020,03/07/2023,NA,No Matchup,50.1669985,Yes,62.095806509606675,38.23819049039332,80.55555555555556,8.646998499999995,Accepted values
2020,14/09/2023,NA,No Matchup,9.399686297,Yes,27.550156985287693,0,94.44444444444444,13.156980369666664,Accepted values
2020,10/11/2023,NA,No Matchup,27.492909,Yes,48.50259047449596,6.483227525504038,94.44444444444444,15.229575666666667,Accepted values
2020,13/12/2023,NA,No Matchup,15.26302773,Yes,20.348479448141603,10.177576011858395,38.88888888888889,3.686361063333333,Accepted values
2020,25/05/2017,NA,No Matchup,48.37881709,Yes,78.30842334687827,18.449210833121725,94.44444444444444,21.695483756666665,Accepted values
2020,17/06/2017,NA,No Matchup,53.06909734,No,89.88295308719356,16.255241592806442,100,26.685764006666666,Rejected values
2020,23/06/2022,NA,No Matchup,48.1534609,Yes,78.18604065439831,18.120881145601683,94.44444444444444,21.770127566666666,Accepted values
2020,01/09/2022,NA,No Matchup,39.54421109,Yes,62.97906608397369,16.109356096026307,94.44444444444444,16.987544423333333,Accepted values
2020,13/07/2023,NA,No Matchup,48.31068748,Yes,57.67865570644988,38.942719253550116,69.44444444444444,6.7906874799999954,Accepted values
2019,10/02/2016,NA,No Matchup,15.43310178,Yes,29.299478586773752,1.5667249732262452,80,9.543101779999999,Accepted values
2019,20/04/2016,NA,No Matchup,7.778220998,Yes,11.011367493806558,4.545074502193442,20,2.2251123353333337,Accepted values
2019,03/05/2016,NA,No Matchup,8.953532703,Yes,34.71539733745398,0,94.28571428571428,17.729800630333333,Accepted values
2019,30/05/2016,NA,No Matchup,30.58028384,Yes,36.24265498184775,24.91791269815225,40,3.8969505066666663,Accepted values
2019,02/06/2016,NA,No Matchup,11.04898466,Yes,33.227272179051425,0,94.28571428571428,15.26351534,Accepted values
2019,17/09/2016,NA,No Matchup,7.679756204,Yes,29.296296711647283,0,94.28571428571428,14.876910462666665,Accepted values
2019,24/06/2018,NA,No Matchup,11.65893916,Yes,31.61779528866315,0,94.28571428571428,13.73606084,Accepted values
2019,27/06/2018,NA,No Matchup,9.776582094,Yes,32.47055233584922,0,94.28571428571428,15.618417906,Accepted values
2019,20/10/2016,NA,No Matchup,13.2518138,Yes,17.918235787119812,8.585391812880188,34.285714285714285,3.211519533333334,Accepted values
2019,05/01/2017,NA,No Matchup,40.60538732,No,95.51338806281862,0,100,37.78872065333333,Rejected values
2019,14/02/2017,NA,No Matchup,7.689048386,Yes,8.852852056939954,6.525244715060046,11.428571428571429,0.8009516140000006,Accepted values
2019,26/03/2017,NA,No Matchup,11.58767383,Yes,12.372560551384012,10.802787108615988,8.571428571428571,0.5401738299999987,Accepted values
2019,08/04/2017,NA,No Matchup,10.48308679,Yes,13.017764867862201,7.948408712137799,17.142857142857142,1.7444132099999994,Accepted values
2019,08/05/2017,NA,No Matchup,26.45497909,Yes,26.786783785840278,26.12317439415972,8.571428571428571,0.2283542433333352,Accepted values
2019,17/07/2017,NA,No Matchup,44.84983917,Yes,49.6881826878216,40.011495652178404,37.142857142857146,3.3298391699999996,Accepted values
2019,26/08/2017,NA,No Matchup,7.870572317,No,45.22704403420496,0,100,25.709427682999998,Rejected values
2019,04/11/2017,NA,No Matchup,10.53148384,Yes,14.422906663187373,6.640061016812627,28.57142857142857,2.6781505066666664,Accepted values
2019,20/04/2018,NA,No Matchup,10.23753491,Yes,11.283764490933113,9.19130532906689,8.571428571428571,0.7200349100000007,Accepted values
2019,13/05/2018,NA,No Matchup,23.31860007,Yes,28.36990021032208,18.267299929677918,40,3.4763999299999995,Accepted values
2019,27/02/2020,NA,No Matchup,19.05796321,Yes,36.31695482130564,1.7989715986943544,94.28571428571428,11.87796321,Accepted values
2019,29/06/2018,NA,No Matchup,10.56182839,Yes,32.11481519926349,0,94.28571428571428,14.833171609999999,Accepted values
2019,24/04/2020,NA,No Matchup,13.52345049,Yes,18.63827290556152,8.40862807443848,40,3.5201171566666662,Accepted values
2019,27/10/2018,NA,No Matchup,8.035399375,Yes,11.161247088460902,4.9095516615390995,20,2.1512672916666666,Accepted values
2019,01/09/2020,NA,No Matchup,44.83962988,Yes,77.21735898848678,12.461900771513207,94.28571428571428,22.282963213333332,Accepted values
2019,11/10/2020,NA,No Matchup,7.678108688,Yes,13.972460210485966,1.3837571655140328,42.857142857142854,4.331891312,Accepted values
2019,04/02/2019,NA,No Matchup,7.712536783,Yes,8.476639833832174,6.948433732167826,8.571428571428571,0.5258701163333335,Accepted values
2019,27/02/2019,4.19,Matchup,8.840875856,Yes,15.598720274675209,2.0830314373247925,45.714285714285715,4.650875856,Accepted values
2019,09/03/2019,8.72,Matchup,7.966821878,Yes,9.06120941394329,6.87243434205671,8.571428571428571,0.7531781220000004,Accepted values
2019,08/02/2021,NA,No Matchup,9.190199333,Yes,12.101384766889204,6.279013899110797,17.142857142857142,2.003532666333334,Accepted values
2019,27/06/2019,NA,No Matchup,32.7349868,Yes,41.964105627951014,23.50586797204899,68.57142857142857,6.351653466666669,Accepted values
2019,20/03/2021,NA,No Matchup,8.280642116,Yes,10.158956308552925,6.402327923447073,14.285714285714285,1.292691217333335,Accepted values
2019,07/07/2019,NA,No Matchup,10.09889286,No,55.754584409089745,0,100,31.421107140000004,Rejected values
2019,22/04/2021,NA,No Matchup,25.05315907,Yes,46.92094999917747,3.1853681408225256,94.28571428571428,15.049825736666666,Accepted values
2019,01/07/2021,NA,No Matchup,51.8997545,Yes,59.55684579596977,44.24266320403023,54.285714285714285,5.269754499999998,Accepted values
2019,06/10/2021,NA,No Matchup,13.61615341,Yes,18.59928746150494,8.633019358495062,37.142857142857146,3.4294867433333334,Accepted values
2019,19/04/2020,NA,No Matchup,19.6609397,Yes,33.69369466991474,5.628184730085257,80,9.657606366666666,Accepted values
2019,22/04/2020,NA,No Matchup,11.77623703,Yes,14.352312531114706,9.200161528885296,17.142857142857142,1.772903696666667,Accepted values
2019,01/06/2020,NA,No Matchup,11.2754559,Yes,33.22759746472656,0,94.28571428571428,15.107877433333332,Accepted values
2019,08/03/2022,NA,No Matchup,9.282124764,Yes,10.95982478409307,7.604424743906931,11.428571428571429,1.1546247639999994,Accepted values
2019,18/03/2022,NA,No Matchup,7.975199335,Yes,9.166391170673128,6.784007499326872,11.428571428571429,0.8198006649999998,Accepted values
2019,29/09/2020,NA,No Matchup,10.32989082,Yes,28.09571632729541,0,94.28571428571428,12.226775846666666,Accepted values
2019,17/04/2021,NA,No Matchup,9.979863378,Yes,10.013965837744504,9.945760918255495,0,0.023469955333334624,Accepted values
2019,10/03/2023,NA,No Matchup,7.675538076,Yes,11.726277593348083,3.624798558651917,28.57142857142857,2.787795257333335,Accepted values
2019,16/07/2021,NA,No Matchup,35.89153761,Yes,54.11025182739159,17.672823392608407,94.28571428571428,12.53846239,Accepted values
2019,02/04/2023,NA,No Matchup,7.81465434,Yes,10.994862235742497,4.634446444257502,20,2.188678993333334,Accepted values
2019,21/10/2021,NA,No Matchup,8.277624962,Yes,11.051512554001949,5.503737369998053,17.142857142857142,1.9090417046666666,Accepted values
2019,13/11/2021,NA,No Matchup,135.6310687,No,314.88761901550436,0,100,123.36773536666665,Rejected values
2019,05/11/2023,NA,No Matchup,12.27095469,Yes,12.282028720829294,12.259880659170706,0,0.007621356666666301,Accepted values
2019,25/11/2023,NA,No Matchup,12.29621611,Yes,12.343995645650407,12.248436574349592,0,0.03288277666666595,Accepted values
2019,29/04/2022,NA,No Matchup,7.684594786,Yes,8.527938761939463,6.8412508100605365,8.571428571428571,0.5804052140000007,Accepted values
2019,29/09/2022,NA,No Matchup,47.81926798,No,84.52648928032417,11.11204667967582,100,25.262601313333334,Rejected values
2019,08/12/2022,NA,No Matchup,9.460874186,Yes,12.53517607004242,6.38657230195758,20,2.1157924806666664,Accepted values
2019,23/02/2023,NA,No Matchup,7.73123165,Yes,8.522498832175486,6.939964467824513,8.571428571428571,0.5445649833333333,Accepted values
2019,07/04/2023,NA,No Matchup,7.970232375,Yes,10.924381311517246,5.016083438482754,17.142857142857142,2.0331009583333337,Accepted values
2019,07/05/2023,NA,No Matchup,13.61048861,Yes,32.60567435244778,0,94.28571428571428,13.072844723333333,Accepted values
2019,03/07/2023,NA,No Matchup,50.1669985,Yes,62.73131377324729,37.60268322675271,80,8.646998499999995,Accepted values
2019,14/09/2023,NA,No Matchup,9.399686297,Yes,28.51712333696453,0,94.28571428571428,13.156980369666664,Accepted values
2019,10/11/2023,NA,No Matchup,27.492909,Yes,49.62188128486571,5.36393671513429,94.28571428571428,15.229575666666667,Accepted values
2019,13/12/2023,NA,No Matchup,15.26302773,Yes,20.619406895642637,9.906648564357361,40,3.686361063333333,Accepted values
2019,25/05/2017,NA,No Matchup,48.37881709,Yes,79.90292316268818,16.854711017311814,94.28571428571428,21.695483756666665,Accepted values
2019,17/06/2017,NA,No Matchup,53.06909734,No,91.84421130436982,14.29398337563017,100,26.685764006666666,Rejected values
2019,23/06/2022,NA,No Matchup,48.1534609,Yes,79.78602638343474,16.52089541656526,94.28571428571428,21.770127566666666,Accepted values
2019,01/09/2022,NA,No Matchup,39.54421109,Yes,64.2275580170353,14.860864162964688,94.28571428571428,16.987544423333333,Accepted values
2019,13/07/2023,NA,No Matchup,48.31068748,Yes,58.177734227008585,38.44364073299141,68.57142857142857,6.7906874799999954,Accepted values
2021,10/02/2016,NA,No Matchup,15.43310178,Yes,26.191420869128947,4.6747826908710515,85.71428571428571,9.543101779999999,Accepted values
2021,20/04/2016,NA,No Matchup,7.778220998,Yes,10.286678841637595,5.269763154362405,25,2.2251123353333337,Accepted values
2021,03/05/2016,NA,No Matchup,8.953532703,No,28.941043783256507,0,96.42857142857143,17.729800630333333,Rejected values
2021,30/05/2016,NA,No Matchup,30.58028384,Yes,34.97347150495045,26.187096175049543,42.857142857142854,3.8969505066666663,Accepted values
2021,02/06/2016,NA,No Matchup,11.04898466,No,28.256154009663433,0,96.42857142857143,15.26351534,Rejected values
2021,17/09/2016,NA,No Matchup,7.679756204,No,24.451090462762245,0,96.42857142857143,14.876910462666665,Rejected values
2021,24/06/2018,NA,No Matchup,11.65893916,No,27.144148157153612,0,96.42857142857143,13.73606084,Rejected values
2021,27/06/2018,NA,No Matchup,9.776582094,No,27.383847255130156,0,96.42857142857143,15.618417906,Rejected values
2021,20/10/2016,NA,No Matchup,13.2518138,Yes,16.872287802800642,9.631339797199361,39.285714285714285,3.211519533333334,Accepted values
2021,05/01/2017,NA,No Matchup,40.60538732,No,83.20611862630672,0,100,37.78872065333333,Rejected values
2021,14/02/2017,NA,No Matchup,7.689048386,Yes,8.591993071806845,6.786103700193154,14.285714285714285,0.8009516140000006,Accepted values
2021,26/03/2017,NA,No Matchup,11.58767383,Yes,12.19663332353868,10.97871433646132,10.714285714285714,0.5401738299999987,Accepted values
2021,08/04/2017,NA,No Matchup,10.48308679,Yes,12.44963334573334,8.51654023426666,21.428571428571427,1.7444132099999994,Accepted values
2021,08/05/2017,NA,No Matchup,26.45497909,Yes,26.71241193225316,26.197546247746835,10.714285714285714,0.2283542433333352,Accepted values
2021,17/07/2017,NA,No Matchup,44.84983917,Yes,48.60369961623537,41.09597872376464,39.285714285714285,3.3298391699999996,Accepted values
2021,26/08/2017,NA,No Matchup,7.870572317,No,36.85383509559306,0,100,25.709427682999998,Rejected values
2021,04/11/2017,NA,No Matchup,10.53148384,Yes,13.550669675345075,7.512298004654925,35.714285714285715,2.6781505066666664,Accepted values
2021,20/04/2018,NA,No Matchup,10.23753491,Yes,11.049258969500942,9.42581085049906,10.714285714285714,0.7200349100000007,Accepted values
2021,13/05/2018,NA,No Matchup,23.31860007,Yes,27.2376843038858,19.399515836114197,42.857142857142854,3.4763999299999995,Accepted values
2021,27/02/2020,NA,No Matchup,19.05796321,No,32.44846467252494,5.667461747475057,96.42857142857143,11.87796321,Rejected values
2021,29/06/2018,NA,No Matchup,10.56182839,No,27.28385409642484,0,96.42857142857143,14.833171609999999,Rejected values
2021,24/04/2020,NA,No Matchup,13.52345049,Yes,17.491818896371257,9.555082083628742,42.857142857142854,3.5201171566666662,Accepted values
2021,27/10/2018,NA,No Matchup,8.035399375,Yes,10.460608756949632,5.610189993050368,25,2.1512672916666666,Accepted values
2021,01/09/2020,NA,No Matchup,44.83962988,No,69.96010265990597,19.71915710009403,96.42857142857143,22.282963213333332,Rejected values
2021,11/10/2020,NA,No Matchup,7.678108688,Yes,12.561622462482813,2.7945949135171873,46.42857142857143,4.331891312,Accepted values
2021,04/02/2019,NA,No Matchup,7.712536783,Yes,8.30537112987955,7.119702436120451,10.714285714285714,0.5258701163333335,Accepted values
2021,08/02/2021,NA,No Matchup,9.190199333,Yes,11.448861582110723,6.931537083889279,21.428571428571427,2.003532666333334,Accepted values
2021,28/02/2021,4.83,Matchup,7.675125382,Yes,10.882548651055389,4.467702112944611,35.714285714285715,2.845125382,Accepted values
2021,27/06/2019,NA,No Matchup,32.7349868,Yes,39.8954589728088,25.574514627191206,78.57142857142857,6.351653466666669,Accepted values
2021,20/03/2021,NA,No Matchup,8.280642116,Yes,9.737944460708572,6.823339771291426,17.857142857142858,1.292691217333335,Accepted values
2021,07/07/2019,NA,No Matchup,10.09889286,No,45.52115959661528,0,100,31.421107140000004,Rejected values
2021,02/04/2021,19.17,Matchup,25.42041399,Yes,32.46675486467268,18.37407311532732,75,6.250413989999998,Accepted values
2021,22/04/2021,NA,No Matchup,25.05315907,No,42.01942761071393,8.086890529286066,96.42857142857143,15.049825736666666,Rejected values
2021,01/07/2021,NA,No Matchup,51.8997545,Yes,57.84055883588053,45.95895016411947,64.28571428571429,5.269754499999998,Accepted values
2021,18/07/2021,61.96,Matchup,51.83705225,Yes,63.24905481768926,40.425049682310735,89.28571428571429,10.122947750000002,Accepted values
2021,21/07/2021,61.96,Matchup,51.89221851,Yes,63.24202995349129,40.54240706650871,89.28571428571429,10.067781490000002,Accepted values
2021,29/09/2021,50.74,Matchup,26.81116579,No,53.78709455999001,0,100,23.92883421,Rejected values
2021,06/10/2021,NA,No Matchup,13.61615341,Yes,17.482350538279782,9.74995628172022,39.285714285714285,3.4294867433333334,Accepted values
2021,19/04/2020,NA,No Matchup,19.6609397,Yes,30.548344374605,8.773535025395,85.71428571428571,9.657606366666666,Accepted values
2021,22/04/2020,NA,No Matchup,11.77623703,Yes,13.77490204717603,9.777572012823972,21.428571428571427,1.772903696666667,Accepted values
2021,01/06/2020,NA,No Matchup,11.2754559,No,28.307168432699246,0,96.42857142857143,15.107877433333332,Rejected values
2021,08/03/2022,NA,No Matchup,9.282124764,Yes,10.583779291603939,7.980470236396062,14.285714285714285,1.1546247639999994,Accepted values
2021,18/03/2022,NA,No Matchup,7.975199335,Yes,8.89939330744971,7.051005362550289,14.285714285714285,0.8198006649999998,Accepted values
2021,29/09/2020,NA,No Matchup,10.32989082,No,24.113622673868456,0,96.42857142857143,12.226775846666666,Rejected values
2021,17/04/2021,NA,No Matchup,9.979863378,Yes,10.006321994318311,9.953404761681687,0,0.023469955333334624,Accepted values
2021,24/04/2021,9.77,Matchup,18.19952468,Yes,27.702463909589525,8.696585450410476,85.71428571428571,8.42952468,Accepted values
2021,10/03/2023,NA,No Matchup,7.675538076,Yes,10.818330809952418,4.5327453420475825,35.714285714285715,2.787795257333335,Accepted values
2021,16/07/2021,NA,No Matchup,35.89153761,No,50.0266461301003,21.756429089899697,96.42857142857143,12.53846239,Rejected values
2021,02/04/2023,NA,No Matchup,7.81465434,Yes,10.282039424721745,5.347269255278254,25,2.188678993333334,Accepted values
2021,21/10/2021,NA,No Matchup,8.277624962,Yes,10.429763782975531,6.125486141024472,21.428571428571427,1.9090417046666666,Accepted values
2021,13/11/2021,NA,No Matchup,135.6310687,No,274.7084350505681,0,100,123.36773536666665,Rejected values
2021,05/11/2023,NA,No Matchup,12.27095469,Yes,12.279546549209119,12.262362830790881,0,0.007621356666666301,Accepted values
2021,25/11/2023,NA,No Matchup,12.29621611,Yes,12.333286175066052,12.259146044933948,0,0.03288277666666595,Accepted values
2021,29/04/2022,NA,No Matchup,7.684594786,Yes,8.338908722616758,7.030280849383243,10.714285714285714,0.5804052140000007,Accepted values
2021,29/09/2022,NA,No Matchup,47.81926798,No,76.29880557854881,19.339730381451187,100,25.262601313333334,Rejected values
2021,08/12/2022,NA,No Matchup,9.460874186,Yes,11.846091399243605,7.075656972756394,25,2.1157924806666664,Accepted values
2021,23/02/2023,NA,No Matchup,7.73123165,Yes,8.345141465752398,7.117321834247601,10.714285714285714,0.5445649833333333,Accepted values
2021,07/04/2023,NA,No Matchup,7.970232375,Yes,10.262228138474281,5.678236611525719,21.428571428571427,2.0331009583333337,Accepted values
2021,07/05/2023,NA,No Matchup,13.61048861,No,28.348027638558456,0,96.42857142857143,13.072844723333333,Rejected values
2021,03/07/2023,NA,No Matchup,50.1669985,Yes,59.9151046368518,40.418892363148196,85.71428571428571,8.646998499999995,Accepted values
2021,14/09/2023,NA,No Matchup,9.399686297,No,24.232074793885523,0,96.42857142857143,13.156980369666664,Rejected values
2021,10/11/2023,NA,No Matchup,27.492909,No,44.66181680285001,10.324001197149993,96.42857142857143,15.229575666666667,Rejected values
2021,13/12/2023,NA,No Matchup,15.26302773,Yes,19.418809519962288,11.10724594003771,42.857142857142854,3.686361063333333,Accepted values
2021,25/05/2017,NA,No Matchup,48.37881709,No,72.83700085750395,23.920633322496048,96.42857142857143,21.695483756666665,Rejected values
2021,17/06/2017,NA,No Matchup,53.06909734,No,83.15302297962702,22.985171700372977,100,26.685764006666666,Rejected values
2021,19/05/2021,40.18,Matchup,47.78157097,Yes,56.35112497447583,39.212016965524164,82.14285714285714,7.601570969999997,Accepted values
2021,23/06/2022,NA,No Matchup,48.1534609,No,72.6957936103237,23.611128189676293,96.42857142857143,21.770127566666666,Rejected values
2021,01/09/2022,NA,No Matchup,39.54421109,No,58.694947156756385,20.393475023243614,96.42857142857143,16.987544423333333,Rejected values
2021,06/06/2021,24.47,Matchup,25.24938107,Yes,26.128008421607973,24.370753718392024,14.285714285714285,0.7793810699999995,Accepted values
2021,01/09/2021,66.87,Matchup,63.54540568,Yes,67.2933533977352,59.7974579622648,39.285714285714285,3.3245943200000028,Accepted values
2021,13/07/2023,NA,No Matchup,48.31068748,Yes,55.96610019890248,40.655274761097516,78.57142857142857,6.7906874799999954,Accepted values
2022,10/02/2016,NA,No Matchup,15.43310178,Yes,32.77275084401839,0,79.3103448275862,9.543101779999999,Accepted values
2022,20/04/2016,NA,No Matchup,7.778220998,Yes,11.82121120308806,3.73523079291194,17.24137931034483,2.2251123353333337,Accepted values
2022,03/05/2016,NA,No Matchup,8.953532703,Yes,41.1682704258321,0,93.10344827586206,17.729800630333333,Accepted values
2022,30/05/2016,NA,No Matchup,30.58028384,Yes,37.660974768714865,23.499592911285134,37.93103448275862,3.8969505066666663,Accepted values
2022,02/06/2016,NA,No Matchup,11.04898466,Yes,38.78252513564831,0,93.10344827586206,15.26351534,Accepted values
2022,17/09/2016,NA,No Matchup,7.679756204,Yes,34.710842377688856,0,93.10344827586206,14.876910462666665,Accepted values
2022,24/06/2018,NA,No Matchup,11.65893916,Yes,36.61712151814789,0,93.10344827586206,13.73606084,Accepted values
2022,27/06/2018,NA,No Matchup,9.776582094,Yes,38.15497432626026,0,93.10344827586206,15.618417906,Accepted values
2022,20/10/2016,NA,No Matchup,13.2518138,Yes,19.087088635582877,7.416538964417126,31.03448275862069,3.211519533333334,Accepted values
2022,05/01/2017,NA,No Matchup,40.60538732,No,109.26683197526427,0,100,37.78872065333333,Rejected values
2022,14/02/2017,NA,No Matchup,7.689048386,Yes,9.144363463234681,6.233733308765317,17.24137931034483,0.8009516140000006,Accepted values
2022,26/03/2017,NA,No Matchup,11.58767383,Yes,12.569160233655092,10.606187426344908,10.344827586206897,0.5401738299999987,Accepted values
2022,08/04/2017,NA,No Matchup,10.48308679,Yes,13.652655089840328,7.313518490159671,17.24137931034483,1.7444132099999994,Accepted values
2022,08/05/2017,NA,No Matchup,26.45497909,Yes,26.869894757144806,26.04006342285519,10.344827586206897,0.2283542433333352,Accepted values
2022,17/07/2017,NA,No Matchup,44.84983917,Yes,50.900098716474446,38.79957962352556,34.48275862068966,3.3298391699999996,Accepted values
2022,26/08/2017,NA,No Matchup,7.870572317,No,54.584152863133454,0,100,25.709427682999998,Rejected values
2022,04/11/2017,NA,No Matchup,10.53148384,Yes,15.397636480595965,5.665331199404035,24.137931034482758,2.6781505066666664,Accepted values
2022,20/04/2018,NA,No Matchup,10.23753491,Yes,11.545825750972472,8.92924406902753,10.344827586206897,0.7200349100000007,Accepted values
2022,13/05/2018,NA,No Matchup,23.31860007,Yes,29.635157954639695,17.002042185360303,37.93103448275862,3.4763999299999995,Accepted values
2022,27/02/2020,NA,No Matchup,19.05796321,Yes,40.640014665048135,0,93.10344827586206,11.87796321,Accepted values
2022,29/06/2018,NA,No Matchup,10.56182839,Yes,37.51344183320911,0,93.10344827586206,14.833171609999999,Accepted values
2022,24/04/2020,NA,No Matchup,13.52345049,Yes,19.919441811055602,7.127459168944399,37.93103448275862,3.5201171566666662,Accepted values
2022,27/10/2018,NA,No Matchup,8.035399375,Yes,11.944214426996785,4.126584323003216,17.24137931034483,2.1512672916666666,Accepted values
2022,01/09/2020,NA,No Matchup,44.83962988,Yes,85.32738439975026,4.351875360249743,93.10344827586206,22.282963213333332,Accepted values
2022,11/10/2020,NA,No Matchup,7.678108688,Yes,15.549079454650485,0,37.93103448275862,4.331891312,Accepted values
2022,04/02/2019,NA,No Matchup,7.712536783,Yes,8.668033589036845,6.757039976963155,10.344827586206897,0.5258701163333335,Accepted values
2022,08/02/2021,NA,No Matchup,9.190199333,Yes,12.830583154047027,5.549815511952975,17.24137931034483,2.003532666333334,Accepted values
2022,27/06/2019,NA,No Matchup,32.7349868,Yes,44.275830084211094,21.194143515788912,65.51724137931035,6.351653466666669,Accepted values
2022,20/03/2021,NA,No Matchup,8.280642116,Yes,10.629439453955118,5.93184477804488,17.24137931034483,1.292691217333335,Accepted values
2022,07/07/2019,NA,No Matchup,10.09889286,No,67.19049510533651,0,100,31.421107140000004,Rejected values
2022,22/04/2021,NA,No Matchup,25.05315907,Yes,52.39842927295828,0,93.10344827586206,15.049825736666666,Accepted values
2022,01/07/2021,NA,No Matchup,51.8997545,Yes,61.474806279813635,42.324702720186366,51.724137931034484,5.269754499999998,Accepted values
2022,06/10/2021,NA,No Matchup,13.61615341,Yes,19.847470854788202,7.3848359652118,34.48275862068966,3.4294867433333334,Accepted values
2022,19/04/2020,NA,No Matchup,19.6609397,Yes,37.20864159576976,2.1132378042302378,79.3103448275862,9.657606366666666,Accepted values
2022,22/04/2020,NA,No Matchup,11.77623703,Yes,14.997572045930315,8.554902014069686,17.24137931034483,1.772903696666667,Accepted values
2022,01/06/2020,NA,No Matchup,11.2754559,Yes,38.7262050207123,0,93.10344827586206,15.107877433333332,Accepted values
2022,08/03/2022,NA,No Matchup,9.282124764,Yes,11.380057770472142,7.184191757527859,17.24137931034483,1.1546247639999994,Accepted values
2022,18/03/2022,NA,No Matchup,7.975199335,Yes,9.464762808308036,6.485635861691964,17.24137931034483,0.8198006649999998,Accepted values
2022,25/03/2022,3.79,Matchup,9.81601625,Yes,20.765182405605245,0,58.620689655172406,6.0260162500000005,Accepted values
2022,29/09/2020,NA,No Matchup,10.32989082,Yes,32.54572873654964,0,93.10344827586206,12.226775846666666,Accepted values
2022,12/08/2022,21.07,Matchup,19.81295756,Yes,22.09698169289334,17.52893342710666,17.24137931034483,1.2570424399999993,Accepted values
2022,13/11/2022,3.07,Matchup,7.67569481,Yes,16.044161744801038,0,37.93103448275862,4.605694810000001,Accepted values
2022,17/04/2021,NA,No Matchup,9.979863378,Yes,10.022507876446102,9.937218879553896,0,0.023469955333334624,Accepted values
2022,10/03/2023,NA,No Matchup,7.675538076,Yes,12.740913311314202,2.6101628406857964,24.137931034482758,2.787795257333335,Accepted values
2022,16/07/2021,NA,No Matchup,35.89153761,Yes,58.673704525649654,13.109370694350343,93.10344827586206,12.53846239,Accepted values
2022,02/04/2023,NA,No Matchup,7.81465434,Yes,11.791445799745814,3.837862880254186,17.24137931034483,2.188678993333334,Accepted values
2022,21/10/2021,NA,No Matchup,8.277624962,Yes,11.74632035796333,4.808929566036672,17.24137931034483,1.9090417046666666,Accepted values
2022,13/11/2021,NA,No Matchup,135.6310687,No,359.7880866586506,0,100,123.36773536666665,Rejected values
2022,05/11/2023,NA,No Matchup,12.27095469,Yes,12.284802561796639,12.257106818203361,0,0.007621356666666301,Accepted values
2022,25/11/2023,NA,No Matchup,12.29621611,Yes,12.355963540216601,12.236468679783398,0,0.03288277666666595,Accepted values
2022,20/03/2022,3.79,Matchup,8.063416504,Yes,15.828139567002303,0.29869344099769446,37.93103448275862,4.273416503999999,Accepted values
2022,29/04/2022,NA,No Matchup,7.684594786,Yes,8.739180910898954,6.630008661101046,10.344827586206897,0.5804052140000007,Accepted values
2022,10/08/2022,21.07,Matchup,31.67249148,Yes,50.937033104478516,12.407949855521483,93.10344827586206,10.602491480000001,Accepted values
2022,29/09/2022,NA,No Matchup,47.81926798,No,93.72097282563462,1.9175631343653876,100,25.262601313333334,Rejected values
2022,16/10/2022,6.68,Matchup,8.128902735,Yes,10.761533669047992,5.496271800952008,17.24137931034483,1.4489027350000008,Accepted values
2022,08/12/2022,NA,No Matchup,9.460874186,Yes,13.305232126720707,5.616516245279293,17.24137931034483,2.1157924806666664,Accepted values
2022,23/02/2023,NA,No Matchup,7.73123165,Yes,8.720696702478254,6.741766597521745,10.344827586206897,0.5445649833333333,Accepted values
2022,07/04/2023,NA,No Matchup,7.970232375,Yes,11.664341265581223,4.276123484418777,17.24137931034483,2.0331009583333337,Accepted values
2022,07/05/2023,NA,No Matchup,13.61048861,Yes,37.36361888113126,0,93.10344827586206,13.072844723333333,Accepted values
2022,03/07/2023,NA,No Matchup,50.1669985,Yes,65.87844357347939,34.45555342652061,79.3103448275862,8.646998499999995,Accepted values
2022,14/09/2023,NA,No Matchup,9.399686297,Yes,33.30568956632686,0,93.10344827586206,13.156980369666664,Accepted values
2022,10/11/2023,NA,No Matchup,27.492909,Yes,55.16478168266923,0,93.10344827586206,15.229575666666667,Accepted values
2022,13/12/2023,NA,No Matchup,15.26302773,Yes,21.961081322535577,8.56497413746442,37.93103448275862,3.686361063333333,Accepted values
2022,25/05/2017,NA,No Matchup,48.37881709,Yes,87.79913170962584,8.958502470374157,93.10344827586206,21.695483756666665,Accepted values
2022,17/06/2017,NA,No Matchup,53.06909734,No,101.55666391406345,4.581530765936542,100,26.685764006666666,Rejected values
2022,23/06/2022,NA,No Matchup,48.1534609,Yes,87.70940201717761,8.597519782822395,93.10344827586206,21.770127566666666,Accepted values
2022,01/09/2022,NA,No Matchup,39.54421109,Yes,70.41028226377121,8.678139916228787,93.10344827586206,16.987544423333333,Accepted values
2022,13/07/2023,NA,No Matchup,48.31068748,Yes,60.649247889509056,35.97212707049094,65.51724137931035,6.7906874799999954,Accepted values
2022,13/12/2022,6.82,Matchup,4.7685547,Yes,8.495994938621237,1.041114461378764,17.24137931034483,2.0514453,Accepted values
2022,15/12/2022,6.82,Matchup,4.26267,Yes,8.909293892644492,0,24.137931034482758,2.5573300000000003,Accepted values
2023,10/02/2016,NA,No Matchup,15.43310178,Yes,28.807862057093246,2.058341502906753,81.08108108108108,9.543101779999999,Accepted values
2023,20/04/2016,NA,No Matchup,7.778220998,Yes,10.896739982787194,4.659702013212806,21.62162162162162,2.2251123353333337,Accepted values
2023,03/05/2016,NA,No Matchup,8.953532703,Yes,33.80203989259481,0,94.5945945945946,17.729800630333333,Accepted values
2023,30/05/2016,NA,No Matchup,30.58028384,Yes,36.0419020894874,25.118665590512595,40.54054054054054,3.8969505066666663,Accepted values
2023,02/06/2016,NA,No Matchup,11.04898466,Yes,32.44096636201591,0,94.5945945945946,15.26351534,Accepted values
2023,17/09/2016,NA,No Matchup,7.679756204,Yes,28.529906992389368,0,94.5945945945946,14.876910462666665,Accepted values
2023,24/06/2018,NA,No Matchup,11.65893916,Yes,30.910176873045543,0,94.5945945945946,13.73606084,Accepted values
2023,27/06/2018,NA,No Matchup,9.776582094,Yes,31.665963577701483,0,94.5945945945946,15.618417906,Accepted values
2023,20/10/2016,NA,No Matchup,13.2518138,Yes,17.752793132899427,8.750834467100576,35.13513513513514,3.211519533333334,Accepted values
2023,05/01/2017,NA,No Matchup,40.60538732,No,93.56668769883507,0,100,37.78872065333333,Rejected values
2023,14/02/2017,NA,No Matchup,7.689048386,Yes,8.811590728915359,6.566506043084641,13.513513513513514,0.8009516140000006,Accepted values
2023,26/03/2017,NA,No Matchup,11.58767383,Yes,12.344733290410502,10.830614369589497,8.108108108108109,0.5401738299999987,Accepted values
2023,08/04/2017,NA,No Matchup,10.48308679,Yes,12.927900755710917,8.038272824289082,18.91891891891892,1.7444132099999994,Accepted values
2023,08/05/2017,NA,No Matchup,26.45497909,Yes,26.7750200298589,26.134938150141096,8.108108108108109,0.2283542433333352,Accepted values
2023,17/07/2017,NA,No Matchup,44.84983917,Yes,49.51664475236959,40.18303358763042,37.83783783783784,3.3298391699999996,Accepted values
2023,26/08/2017,NA,No Matchup,7.870572317,No,43.902613056838966,0,100,25.709427682999998,Rejected values
2023,04/11/2017,NA,No Matchup,10.53148384,Yes,14.284940717900183,6.778026962099817,29.72972972972973,2.6781505066666664,Accepted values
2023,20/04/2018,NA,No Matchup,10.23753491,Yes,11.246671617791502,9.2283982022085,8.108108108108109,0.7200349100000007,Accepted values
2023,13/05/2018,NA,No Matchup,23.31860007,Yes,28.190812141393597,18.4463879986064,40.54054054054054,3.4763999299999995,Accepted values
2023,27/02/2020,NA,No Matchup,19.05796321,Yes,35.705057014115646,2.4108694058843554,94.5945945945946,11.87796321,Accepted values
2023,29/06/2018,NA,No Matchup,10.56182839,Yes,31.350678703690697,0,94.5945945945946,14.833171609999999,Accepted values
2023,24/04/2020,NA,No Matchup,13.52345049,Yes,18.45693272701956,8.58996825298044,40.54054054054054,3.5201171566666662,Accepted values
2023,27/10/2018,NA,No Matchup,8.035399375,Yes,11.050423733044028,5.020375016955974,21.62162162162162,2.1512672916666666,Accepted values
2023,01/09/2020,NA,No Matchup,44.83962988,Yes,76.0694436357557,13.609816124244293,94.5945945945946,22.282963213333332,Accepted values
2023,11/10/2020,NA,No Matchup,7.678108688,Yes,13.749301176572928,1.6069161994270722,43.24324324324324,4.331891312,Accepted values
2023,04/02/2019,NA,No Matchup,7.712536783,Yes,8.449549434126254,6.975524131873746,8.108108108108109,0.5258701163333335,Accepted values
2023,08/02/2021,NA,No Matchup,9.190199333,Yes,11.998172017069372,6.382226648930629,18.91891891891892,2.003532666333334,Accepted values
2023,27/06/2019,NA,No Matchup,32.7349868,Yes,41.63689777593376,23.833075824066245,70.27027027027027,6.351653466666669,Accepted values
2023,20/03/2021,NA,No Matchup,8.280642116,Yes,10.092362827223221,6.468921404776777,16.216216216216218,1.292691217333335,Accepted values
2023,07/07/2019,NA,No Matchup,10.09889286,No,54.135914085017575,0,100,31.421107140000004,Rejected values
2023,22/04/2021,NA,No Matchup,25.05315907,Yes,46.14565248359796,3.960665656402046,94.5945945945946,15.049825736666666,Accepted values
2023,01/07/2021,NA,No Matchup,51.8997545,Yes,59.28537238205442,44.51413661794558,56.75675675675676,5.269754499999998,Accepted values
2023,06/10/2021,NA,No Matchup,13.61615341,Yes,18.422616143288856,8.809690676711146,37.83783783783784,3.4294867433333334,Accepted values
2023,19/04/2020,NA,No Matchup,19.6609397,Yes,33.19617939275911,6.125700007240885,81.08108108108108,9.657606366666666,Accepted values
2023,22/04/2020,NA,No Matchup,11.77623703,Yes,14.260980720671306,9.291493339328696,18.91891891891892,1.772903696666667,Accepted values
2023,01/06/2020,NA,No Matchup,11.2754559,Yes,32.449309393841716,0,94.5945945945946,15.107877433333332,Accepted values
2023,08/03/2022,NA,No Matchup,9.282124764,Yes,10.900343848790623,7.663905679209379,13.513513513513514,1.1546247639999994,Accepted values
2023,18/03/2022,NA,No Matchup,7.975199335,Yes,9.124158826593794,6.826239843406206,13.513513513513514,0.8198006649999998,Accepted values
2023,29/09/2020,NA,No Matchup,10.32989082,Yes,27.46584930402661,0,94.5945945945946,12.226775846666666,Accepted values
2023,17/04/2021,NA,No Matchup,9.979863378,Yes,10.012756774039776,9.946969981960223,0,0.023469955333334624,Accepted values
2023,10/03/2023,NA,No Matchup,7.675538076,Yes,11.582663256891745,3.7684128951082547,29.72972972972973,2.787795257333335,Accepted values
2023,16/07/2021,NA,No Matchup,35.89153761,Yes,53.46432815290875,18.318747067091255,94.5945945945946,12.53846239,Accepted values
2023,02/04/2023,NA,No Matchup,7.81465434,Yes,10.882111602238599,4.7471970777614,21.62162162162162,2.188678993333334,Accepted values
2023,21/10/2021,NA,No Matchup,8.277624962,Yes,10.953167542128504,5.602082381871498,18.91891891891892,1.9090417046666666,Accepted values
2023,13/11/2021,NA,No Matchup,135.6310687,No,308.5322830530805,0,100,123.36773536666665,Rejected values
2023,05/11/2023,NA,No Matchup,12.27095469,Yes,12.281636103732431,12.260273276267569,0,0.007621356666666301,Accepted values
2023,25/11/2023,NA,No Matchup,12.29621611,Yes,12.34230167686292,12.250130543137079,0,0.03288277666666595,Accepted values
2023,29/04/2022,NA,No Matchup,7.684594786,Yes,8.498038965867588,6.871150606132413,8.108108108108109,0.5804052140000007,Accepted values
2023,29/09/2022,NA,No Matchup,47.81926798,No,83.22507673389285,12.413459226107157,100,25.262601313333334,Rejected values
2023,08/12/2022,NA,No Matchup,9.460874186,Yes,12.426180213050788,6.495568158949212,21.62162162162162,2.1157924806666664,Accepted values
2023,23/02/2023,NA,No Matchup,7.73123165,Yes,8.494445359262421,6.968017940737579,8.108108108108109,0.5445649833333333,Accepted values
2023,07/04/2023,NA,No Matchup,7.970232375,Yes,10.819645339852281,5.120819410147719,18.91891891891892,2.0331009583333337,Accepted values
2023,07/05/2023,NA,No Matchup,13.61048861,Yes,31.93222176815214,0,94.5945945945946,13.072844723333333,Accepted values
2023,03/07/2023,NA,No Matchup,50.1669985,Yes,62.2858603459736,38.04813665402639,81.08108108108108,8.646998499999995,Accepted values
2023,14/09/2023,NA,No Matchup,9.399686297,Yes,27.839336472743312,0,94.5945945945946,13.156980369666664,Accepted values
2023,10/11/2023,NA,No Matchup,27.492909,Yes,48.837323883052754,6.148494116947248,94.5945945945946,15.229575666666667,Accepted values
2023,13/12/2023,NA,No Matchup,15.26302773,Yes,20.429502598812924,10.096552861187076,40.54054054054054,3.686361063333333,Accepted values
2023,25/05/2017,NA,No Matchup,48.37881709,Yes,78.78527203833934,17.97236214166065,94.5945945945946,21.695483756666665,Accepted values
2023,17/06/2017,NA,No Matchup,53.06909734,No,90.46948398873697,15.66871069126303,100,26.685764006666666,Rejected values
2023,23/06/2022,NA,No Matchup,48.1534609,Yes,78.66452995473097,17.64239184526904,94.5945945945946,21.770127566666666,Accepted values
2023,01/09/2022,NA,No Matchup,39.54421109,Yes,63.352438183911964,15.73598399608803,94.5945945945946,16.987544423333333,Accepted values
2023,13/07/2023,NA,No Matchup,48.31068748,Yes,57.827909370266624,38.79346558973337,70.27027027027027,6.7906874799999954,Accepted values
